Accession Number,Author,Title,Edition,Volume,Pages,Publisher,Year,ISBN
FIC 000010,Erin Bow,Plain Kate,,,"314",Scholastic Inc.,2012,978-0-545-16665-2
FIC 000011,Andrew Sean Greer,Less,,,"272",Lee Boudreaux Books,2017,978-0-316-31612-5
FIC 000012,Han Kang,Greek Lessons,,,"192",Hogarth,2011,978-0593595275
FIC 000013,J.K. Rowling,Harry Potter and the Sorcerer's Stone,,,"320",Scholastic Inc.,1997,978-0590353427
FIC 000014,J.K. Rowling,Harry Potter and the Chamber of Secrets,,,"352",Scholastic Inc.,1998,978-1338878936
FIC 000015,J.K. Rowling,Harry Potter and the Prisoner of Azkaban,,,"435",Scholastic Inc.,1999,978-0439136358
FIC 000016,J.K. Rowling,Harry Potter and the idk,,,"435",Scholastic Inc.,1999,978-0439136388
